<ImportExportXml xmlns:xsi="http://www.w3.org/2001/XMLSchema-instance">
  <Entities></Entities>
  <Roles></Roles>
  <Workflows></Workflows>
  <FieldSecurityProfiles></FieldSecurityProfiles>
  <Templates />
  <RibbonDiffXml>
    <CustomActions>
      <CustomAction Id="sps.ApplicationRibbon.spscontrols.install.CustomAction" Location="Mscrm.BasicHomeTab.Tools.Controls._children" Sequence="55">
        <CommandUIDefinition>
          <Button Alt="$LocLabels:sps.ApplicationRibbon.spscontrols.install.Alt" Command="sps.ApplicationRibbon.sps.installtools" Id="sps.ApplicationRibbon.spscontrols.install" Image32by32="$webresource:sps_/pap/images/spscontrolslogo.png" Image16by16="$webresource:sps_/pap/images/spscontrolslogo.png" LabelText="$LocLabels:sps.ApplicationRibbon.spscontrols.install.LabelText" Sequence="55" TemplateAlias="isv" ToolTipTitle="$LocLabels:sps.ApplicationRibbon.spscontrols.install.ToolTipTitle" ToolTipDescription="$LocLabels:sps.ApplicationRibbon.spscontrols.install.ToolTipDescription" ModernImage="$webresource:sps_/pap/images/spscontrolslogo.svg" />
        </CommandUIDefinition>
      </CustomAction>
    </CustomActions>
    <Templates>
      <RibbonTemplates Id="Mscrm.Templates"></RibbonTemplates>
    </Templates>
    <CommandDefinitions>
      <CommandDefinition Id="sps.ApplicationRibbon.sps.installtools">
        <EnableRules />
        <DisplayRules>
          <DisplayRule Id="sps.ApplicationRibbon.spscontrols.DisplayRule" />
        </DisplayRules>
        <Actions>
          <Url Address="$webresource:sps_/pap/app.html" WinMode="0" />
        </Actions>
      </CommandDefinition>
    </CommandDefinitions>
    <RuleDefinitions>
      <TabDisplayRules />
      <DisplayRules>
        <DisplayRule Id="sps.ApplicationRibbon.spscontrols.DisplayRule">
          <OrRule>
            <Or>
              <PageRule Address="/tools/Solution/home_solution.aspx" />
            </Or>
            <Or>
              <PageRule Address="/tools/systemcustomization/systemcustomization.aspx" />
            </Or>
            <Or>
              <MiscellaneousPrivilegeRule PrivilegeName="ImportCustomization" />
            </Or>
          </OrRule>
        </DisplayRule>
      </DisplayRules>
      <EnableRules />
    </RuleDefinitions>
    <LocLabels>
      <LocLabel Id="sps.ApplicationRibbon.spscontrols.install.Alt">
        <Titles>
          <Title description="SPS Controls" languagecode="1033" />
        </Titles>
      </LocLabel>
      <LocLabel Id="sps.ApplicationRibbon.spscontrols.install.LabelText">
        <Titles>
          <Title description="SPS Controls" languagecode="1033" />
        </Titles>
      </LocLabel>
      <LocLabel Id="sps.ApplicationRibbon.spscontrols.install.ToolTipDescription">
        <Titles>
          <Title description="SPS Controls" languagecode="1033" />
        </Titles>
      </LocLabel>
      <LocLabel Id="sps.ApplicationRibbon.spscontrols.install.ToolTipTitle">
        <Titles>
          <Title description="SPS Controls" languagecode="1033" />
        </Titles>
      </LocLabel>
    </LocLabels>
  </RibbonDiffXml>
  <EntityMaps />
  <EntityRelationships />
  <OrganizationSettings />
  <optionsets />
  <WebResources>
    <WebResource>
      <WebResourceId>{7e7b5942-36c6-eb11-bacc-000d3af30f98}</WebResourceId>
      <Name>sps_/pap/controls/dataserviceconsole.liquid</Name>
      <DisplayName>dataserviceconsole.liquid</DisplayName>
      <Description>This includes the liquid template for data service console</Description>
      <WebResourceType>3</WebResourceType>
      <IntroducedVersion>1.0.0.3</IntroducedVersion>
      <IsEnabledForMobileClient>0</IsEnabledForMobileClient>
      <IsAvailableForMobileOffline>0</IsAvailableForMobileOffline>
      <DependencyXml>&lt;Dependencies&gt;&lt;Dependency componentType="WebResource"/&gt;&lt;/Dependencies&gt;</DependencyXml>
      <IsCustomizable>1</IsCustomizable>
      <CanBeDeleted>1</CanBeDeleted>
      <IsHidden>0</IsHidden>
      <FileName>/WebResources/sps_papcontrolsdataserviceconsoleliquid7E7B5942-36C6-EB11-BACC-000D3AF30F98</FileName>
    </WebResource>
    <WebResource>
      <WebResourceId>{fa36257d-36c6-eb11-bacc-000d3af30f98}</WebResourceId>
      <Name>sps_/pap/controls/dataserviceconsole.js</Name>
      <DisplayName>dataserviceconsole.js</DisplayName>
      <Description>This is the console code that runs on Portal to evaluate any fetch</Description>
      <WebResourceType>3</WebResourceType>
      <IntroducedVersion>1.0.0.3</IntroducedVersion>
      <IsEnabledForMobileClient>0</IsEnabledForMobileClient>
      <IsAvailableForMobileOffline>0</IsAvailableForMobileOffline>
      <DependencyXml>&lt;Dependencies&gt;&lt;Dependency componentType="WebResource"/&gt;&lt;/Dependencies&gt;</DependencyXml>
      <IsCustomizable>1</IsCustomizable>
      <CanBeDeleted>1</CanBeDeleted>
      <IsHidden>0</IsHidden>
      <FileName>/WebResources/sps_papcontrolsdataserviceconsolejsFA36257D-36C6-EB11-BACC-000D3AF30F98</FileName>
    </WebResource>
    <WebResource>
      <WebResourceId>{54f7db7c-afb9-eb11-8236-000d3af4f426}</WebResourceId>
      <Name>sps_/pap/images/InstallTools.jpg</Name>
      <DisplayName>InstallTools.jpg</DisplayName>
      <Description>Logo for data service</Description>
      <WebResourceType>6</WebResourceType>
      <IntroducedVersion>1.0.0.1</IntroducedVersion>
      <IsEnabledForMobileClient>0</IsEnabledForMobileClient>
      <IsAvailableForMobileOffline>0</IsAvailableForMobileOffline>
      <DependencyXml>&lt;Dependencies&gt;&lt;Dependency componentType="WebResource"/&gt;&lt;/Dependencies&gt;</DependencyXml>
      <IsCustomizable>1</IsCustomizable>
      <CanBeDeleted>1</CanBeDeleted>
      <IsHidden>0</IsHidden>
      <FileName>/WebResources/sps_papimagesInstallToolsjpg54F7DB7C-AFB9-EB11-8236-000D3AF4F426</FileName>
    </WebResource>
    <WebResource>
      <WebResourceId>{1d8f0756-b0b9-eb11-8236-000d3af4f426}</WebResourceId>
      <Name>sps_/pap/scripts/spscontrols.js</Name>
      <DisplayName>spscontrols.js</DisplayName>
      <Description>This script contains the bundle for SPS PowerApp Portal Controls</Description>
      <WebResourceType>3</WebResourceType>
      <IntroducedVersion>1.0.0.1</IntroducedVersion>
      <IsEnabledForMobileClient>0</IsEnabledForMobileClient>
      <IsAvailableForMobileOffline>0</IsAvailableForMobileOffline>
      <DependencyXml>&lt;Dependencies&gt;&lt;Dependency componentType="WebResource"/&gt;&lt;/Dependencies&gt;</DependencyXml>
      <IsCustomizable>1</IsCustomizable>
      <CanBeDeleted>1</CanBeDeleted>
      <IsHidden>0</IsHidden>
      <FileName>/WebResources/sps_papscriptsspscontrolsjs1D8F0756-B0B9-EB11-8236-000D3AF4F426</FileName>
    </WebResource>
    <WebResource>
      <WebResourceId>{2aa184ab-b0b9-eb11-8236-000d3af4f426}</WebResourceId>
      <Name>sps_/pap/app.html</Name>
      <DisplayName>app.html</DisplayName>
      <Description>This html will render SPS PowerApps Portal Control Console</Description>
      <WebResourceType>1</WebResourceType>
      <IntroducedVersion>1.0.0.1</IntroducedVersion>
      <IsEnabledForMobileClient>0</IsEnabledForMobileClient>
      <IsAvailableForMobileOffline>0</IsAvailableForMobileOffline>
      <DependencyXml>&lt;Dependencies&gt;&lt;Dependency componentType="WebResource"/&gt;&lt;/Dependencies&gt;</DependencyXml>
      <IsCustomizable>1</IsCustomizable>
      <CanBeDeleted>1</CanBeDeleted>
      <IsHidden>0</IsHidden>
      <FileName>/WebResources/sps_papapphtml2AA184AB-B0B9-EB11-8236-000D3AF4F426</FileName>
    </WebResource>
    <WebResource>
      <WebResourceId>{b14582f5-c6b9-eb11-8236-000d3af4f426}</WebResourceId>
      <Name>sps_/pap/images/spscontrolslogo.svg</Name>
      <DisplayName>spscontrolslogo.svg</DisplayName>
      <Description>Logo for SPS controls</Description>
      <WebResourceType>11</WebResourceType>
      <IntroducedVersion>1.0.0.2</IntroducedVersion>
      <IsEnabledForMobileClient>0</IsEnabledForMobileClient>
      <IsAvailableForMobileOffline>0</IsAvailableForMobileOffline>
      <DependencyXml>&lt;Dependencies&gt;&lt;Dependency componentType="WebResource"/&gt;&lt;/Dependencies&gt;</DependencyXml>
      <IsCustomizable>1</IsCustomizable>
      <CanBeDeleted>1</CanBeDeleted>
      <IsHidden>0</IsHidden>
      <FileName>/WebResources/sps_papimagesspscontrolslogosvgB14582F5-C6B9-EB11-8236-000D3AF4F426</FileName>
    </WebResource>
    <WebResource>
      <WebResourceId>{cd655270-cbb9-eb11-8236-000d3af4f426}</WebResourceId>
      <Name>sps_/pap/images/spscontrolslogo.png</Name>
      <DisplayName>spscontrolslogo.png</DisplayName>
      <Description>Logo for SPS Controls PNG</Description>
      <WebResourceType>5</WebResourceType>
      <IntroducedVersion>1.0.0.2</IntroducedVersion>
      <IsEnabledForMobileClient>0</IsEnabledForMobileClient>
      <IsAvailableForMobileOffline>0</IsAvailableForMobileOffline>
      <DependencyXml>&lt;Dependencies&gt;&lt;Dependency componentType="WebResource"/&gt;&lt;/Dependencies&gt;</DependencyXml>
      <IsCustomizable>1</IsCustomizable>
      <CanBeDeleted>1</CanBeDeleted>
      <IsHidden>0</IsHidden>
      <FileName>/WebResources/sps_papimagesspscontrolslogopngCD655270-CBB9-EB11-8236-000D3AF4F426</FileName>
    </WebResource>
    <WebResource>
      <WebResourceId>{02feb920-51b8-eb11-8236-0022483bca1e}</WebResourceId>
      <Name>sps_/pap/controls/dataservice.liquid</Name>
      <DisplayName>dataservice.liquid</DisplayName>
      <WebResourceType>3</WebResourceType>
      <IntroducedVersion>1.0.0.0</IntroducedVersion>
      <IsEnabledForMobileClient>0</IsEnabledForMobileClient>
      <IsAvailableForMobileOffline>0</IsAvailableForMobileOffline>
      <DependencyXml>&lt;Dependencies&gt;&lt;Dependency componentType="WebResource"/&gt;&lt;/Dependencies&gt;</DependencyXml>
      <IsCustomizable>1</IsCustomizable>
      <CanBeDeleted>1</CanBeDeleted>
      <IsHidden>0</IsHidden>
      <FileName>/WebResources/sps_papcontrolsdataserviceliquid02FEB920-51B8-EB11-8236-0022483BCA1E</FileName>
    </WebResource>
    <WebResource>
      <WebResourceId>{c228852c-02b9-eb11-8236-0022483bca1e}</WebResourceId>
      <Name>sps_/pap/controls/dataservice.js</Name>
      <DisplayName>dataservice.js</DisplayName>
      <Description>This code executes at client side</Description>
      <WebResourceType>3</WebResourceType>
      <IntroducedVersion>1.0.0.0</IntroducedVersion>
      <IsEnabledForMobileClient>0</IsEnabledForMobileClient>
      <IsAvailableForMobileOffline>0</IsAvailableForMobileOffline>
      <DependencyXml>&lt;Dependencies&gt;&lt;Dependency componentType="WebResource"/&gt;&lt;/Dependencies&gt;</DependencyXml>
      <IsCustomizable>1</IsCustomizable>
      <CanBeDeleted>1</CanBeDeleted>
      <IsHidden>0</IsHidden>
      <FileName>/WebResources/sps_papcontrolsdataservicejsC228852C-02B9-EB11-8236-0022483BCA1E</FileName>
    </WebResource>
  </WebResources>
  <CustomControls />
  <EntityDataProviders />
  <Languages>
    <Language>1033</Language>
  </Languages>
</ImportExportXml>