<ImportExportXml version="9.2.21091.126" SolutionPackageVersion="9.2" languagecode="1033" generatedBy="CrmLive" xmlns:xsi="http://www.w3.org/2001/XMLSchema-instance">
  <SolutionManifest>
    <UniqueName>SPSControls</UniqueName>
    <LocalizedNames>
      <LocalizedName description="SPS Controls" languagecode="1033" />
    </LocalizedNames>
    <Descriptions>
      <Description description="This solution contains PowerApps Portal packages" languagecode="1033" />
    </Descriptions>
    <Version>1.0.0.23</Version>
    <Managed>1</Managed>
    <ConfigurationPage>sps_/pap/app.html</ConfigurationPage>
    <Publisher>
      <UniqueName>spscontrols</UniqueName>
      <LocalizedNames>
        <LocalizedName description="SPS Controls" languagecode="1033" />
      </LocalizedNames>
      <Descriptions>
        <Description description="My name is Shaminderpal Singh. I am a passionate developer with expertise in PowerApps Portals." languagecode="1033" />
      </Descriptions>
      <EMailAddress>shaminder42@gmail.com</EMailAddress>
      <SupportingWebsiteUrl>https://www.linkedin.com/in/shaminderpal-singh-2a8870176/</SupportingWebsiteUrl>
      <CustomizationPrefix>sps</CustomizationPrefix>
      <CustomizationOptionValuePrefix>92814</CustomizationOptionValuePrefix>
      <Addresses>
        <Address>
          <AddressNumber>1</AddressNumber>
          <AddressTypeCode>1</AddressTypeCode>
          <City xsi:nil="true"></City>
          <County xsi:nil="true"></County>
          <Country xsi:nil="true"></Country>
          <Fax xsi:nil="true"></Fax>
          <FreightTermsCode xsi:nil="true"></FreightTermsCode>
          <ImportSequenceNumber xsi:nil="true"></ImportSequenceNumber>
          <Latitude xsi:nil="true"></Latitude>
          <Line1 xsi:nil="true"></Line1>
          <Line2 xsi:nil="true"></Line2>
          <Line3 xsi:nil="true"></Line3>
          <Longitude xsi:nil="true"></Longitude>
          <Name xsi:nil="true"></Name>
          <PostalCode xsi:nil="true"></PostalCode>
          <PostOfficeBox xsi:nil="true"></PostOfficeBox>
          <PrimaryContactName xsi:nil="true"></PrimaryContactName>
          <ShippingMethodCode>1</ShippingMethodCode>
          <StateOrProvince xsi:nil="true"></StateOrProvince>
          <Telephone1 xsi:nil="true"></Telephone1>
          <Telephone2 xsi:nil="true"></Telephone2>
          <Telephone3 xsi:nil="true"></Telephone3>
          <TimeZoneRuleVersionNumber xsi:nil="true"></TimeZoneRuleVersionNumber>
          <UPSZone xsi:nil="true"></UPSZone>
          <UTCOffset xsi:nil="true"></UTCOffset>
          <UTCConversionTimeZoneCode xsi:nil="true"></UTCConversionTimeZoneCode>
        </Address>
        <Address>
          <AddressNumber>2</AddressNumber>
          <AddressTypeCode>1</AddressTypeCode>
          <City xsi:nil="true"></City>
          <County xsi:nil="true"></County>
          <Country xsi:nil="true"></Country>
          <Fax xsi:nil="true"></Fax>
          <FreightTermsCode xsi:nil="true"></FreightTermsCode>
          <ImportSequenceNumber xsi:nil="true"></ImportSequenceNumber>
          <Latitude xsi:nil="true"></Latitude>
          <Line1 xsi:nil="true"></Line1>
          <Line2 xsi:nil="true"></Line2>
          <Line3 xsi:nil="true"></Line3>
          <Longitude xsi:nil="true"></Longitude>
          <Name xsi:nil="true"></Name>
          <PostalCode xsi:nil="true"></PostalCode>
          <PostOfficeBox xsi:nil="true"></PostOfficeBox>
          <PrimaryContactName xsi:nil="true"></PrimaryContactName>
          <ShippingMethodCode>1</ShippingMethodCode>
          <StateOrProvince xsi:nil="true"></StateOrProvince>
          <Telephone1 xsi:nil="true"></Telephone1>
          <Telephone2 xsi:nil="true"></Telephone2>
          <Telephone3 xsi:nil="true"></Telephone3>
          <TimeZoneRuleVersionNumber xsi:nil="true"></TimeZoneRuleVersionNumber>
          <UPSZone xsi:nil="true"></UPSZone>
          <UTCOffset xsi:nil="true"></UTCOffset>
          <UTCConversionTimeZoneCode xsi:nil="true"></UTCConversionTimeZoneCode>
        </Address>
      </Addresses>
    </Publisher>
    <RootComponents>
      <RootComponent type="1" schemaName="sps_portaldataoperation" behavior="0" />
      <RootComponent type="1" schemaName="sps_portaldataprovider" behavior="0" />
      <RootComponent type="1" schemaName="sps_portalformcontrol" behavior="0" />
      <RootComponent type="9" schemaName="sps_columntype" behavior="0" />
      <RootComponent type="50" schemaName=":RibbonDiffXml" behavior="0" />
      <RootComponent type="61" schemaName="sps_/pap/app.html" behavior="0" />
      <RootComponent type="61" schemaName="sps_/pap/controls/bootbox.liquid" behavior="0" />
      <RootComponent type="61" schemaName="sps_/pap/controls/configurationservice.liquid" behavior="0" />
      <RootComponent type="61" schemaName="sps_/pap/controls/dataservice.js" behavior="0" />
      <RootComponent type="61" schemaName="sps_/pap/controls/dataservice.liquid" behavior="0" />
      <RootComponent type="61" schemaName="sps_/pap/controls/dataserviceconsole.js" behavior="0" />
      <RootComponent type="61" schemaName="sps_/pap/controls/dataserviceconsole.liquid" behavior="0" />
      <RootComponent type="61" schemaName="sps_/pap/controls/dataserviceupgrade.liquid" behavior="0" />
      <RootComponent type="61" schemaName="sps_/pap/controls/dataserviceupgradedfeatures.js" behavior="0" />
      <RootComponent type="61" schemaName="sps_/pap/controls/metadataservice.liquid" behavior="0" />
      <RootComponent type="61" schemaName="sps_/pap/controls/spscontrolswithgridandlookupfeatures.js" behavior="0" />
      <RootComponent type="61" schemaName="sps_/pap/controls/spsgridtheme.css" behavior="0" />
      <RootComponent type="61" schemaName="sps_/pap/controls/spspackagerpreviewtheme.css" behavior="0" />
      <RootComponent type="61" schemaName="sps_/pap/controls/spsportalcontrolpackagerupgrade.liquid" behavior="0" />
      <RootComponent type="61" schemaName="sps_/pap/images/gridcontrol.jpg" behavior="0" />
      <RootComponent type="61" schemaName="sps_/pap/images/InstallTools.jpg" behavior="0" />
      <RootComponent type="61" schemaName="sps_/pap/images/lookupcontrol.jpg" behavior="0" />
      <RootComponent type="61" schemaName="sps_/pap/images/spscontrolslogo.png" behavior="0" />
      <RootComponent type="61" schemaName="sps_/pap/images/spscontrolslogo.svg" behavior="0" />
      <RootComponent type="61" schemaName="sps_/pap/scripts/spscontrols.js" behavior="0" />
      <RootComponent type="91" id="{8afd45ff-52b7-4875-bc6b-3507e52b4285}" schemaName="PortalDataProvider, Version=1.0.0.0, Culture=neutral, PublicKeyToken=bc242f4a173441b2" behavior="0" />
      <RootComponent type="91" id="{751b7a92-02cc-428b-91c1-0821a3f9882e}" schemaName="SPSControlsPortalMetadataCreation, Version=1.0.0.0, Culture=neutral, PublicKeyToken=f76f54da92d6305f" behavior="0" />
      <RootComponent type="92" id="{2b6d55e8-930b-ec11-b6e6-000d3af48b8a}" behavior="0" />
      <RootComponent type="92" id="{e71242bb-930b-ec11-b6e6-000d3af48b8a}" behavior="0" />
      <RootComponent type="181" id="{7b36159f-9aec-eb11-94ef-000d3af4f8c3}" schemaName="Portal Data Provider" behavior="0" />
      <RootComponent type="183" id="{fda92622-9dec-eb11-94ef-000d3af46ad1}" schemaName="Portal Data Provider" behavior="0" />
    </RootComponents>
    <MissingDependencies />
  </SolutionManifest>
</ImportExportXml>